strategy,strategy_label,n_treated,n_control,state_baseline_epv,ipw_ate,aipw_ate,ci_low,ci_high,positivity_min_propensity,overlap,risk,execution,tactical_state,confidence,ci_excludes_zero,uplift_ci,ci_halfwidth,quality_score
s_third_man_combination,Use a third-man combination,68,48,0.05625396551724139,0.013236264785083038,0.013215823612673759,0.007699554947431902,0.018566623117961582,0.486626644400386,0.4134071977313679,Medium execution risk; combinations fail under intense pressure without strong first touches.,Pattern - rehearsed combinations between three players.,final_third_vs_compact_defence,high,True,"[+0.008, +0.019]",0.005433534085264841,0.007782289527408918
s_reduce_risky_central_passes,Reduce risky central passes,89,27,0.05625396551724139,0.00980684247411126,0.009865098154614282,-0.0015780510231342636,0.020132386398470474,0.5265489535647804,0.23275897336937065,Can slow progression and invite the block to settle; risk of over-safety.,Decision rule - pass map restrictions in central zones.,final_third_vs_compact_defence,medium,False,"[-0.002, +0.020]",0.010855218710802368,-0.0009901205561880858
s_increase_winger_width,Increase winger width,31,85,0.05625396551724139,0.0042998490204815,0.0040566282808508335,-0.011565379103762083,0.01300220644870163,0.16945034416447952,0.26724158889750826,Wingers can become isolated from central support if the opponent tracks with the full-back.,Individual - width references for wingers.,final_third_vs_compact_defence,medium,False,"[-0.012, +0.013]",0.012283792776231857,-0.008227164495381023
s_aggressive_counterpress,Trigger a more aggressive counter-press,29,87,0.05625396551724139,0.002343856248457725,0.0010499794752717498,-0.010007820168365385,0.014241048658623455,0.08059473862129132,0.24807978242759704,High exposure if the first press is bypassed; leaves space in behind.,Trigger - immediate pressure on the first pass after loss.,final_third_vs_compact_defence,medium,False,"[-0.010, +0.014]",0.01212443441349442,-0.011074454938222669
s_third_man_combination,Use a third-man combination,378,629,0.013310417080436943,0.010892568337535056,0.011008491780848605,0.00907861694629869,0.012789647130401706,0.2481120587506232,0.3744234586363328,Medium execution risk; combinations fail under intense pressure without strong first touches.,Pattern - rehearsed combinations between three players.,opponent_high_press,high,True,"[+0.009, +0.013]",0.0018555150920515082,0.009152976688797096
s_increase_winger_width,Increase winger width,167,840,0.013310417080436943,0.008024910391883588,0.006178805945873539,3.871086568341177e-05,0.01168816526481867,0.04819837448367078,0.16568243909527203,Wingers can become isolated from central support if the opponent tracks with the full-back.,Individual - width references for wingers.,opponent_high_press,high,True,"[+0.000, +0.012]",0.00582472719956763,0.0003540787463059093
s_reduce_risky_central_passes,Reduce risky central passes,765,242,0.013310417080436943,-0.0017684796409589594,-0.0017304236062331015,-0.004180333668293414,0.0011922628539856187,0.6736511075208585,0.24031625309026247,Can slow progression and invite the block to settle; risk of over-safety.,Decision rule - pass map restrictions in central zones.,opponent_high_press,medium,False,"[-0.004, +0.001]",0.0026862982611395164,-0.004416721867372618
s_mid_block_retreat,Retreat into a mid-block after loss,213,794,0.013310417080436943,-0.01367609422776732,-0.006271689429867726,-0.007291721030301432,-0.005178349932401527,0.02,0.1302445760299481,Concedes territorial control and gives the opponent uncontested build-up.,Structural - repositioning below the ball at the moment of loss.,opponent_high_press,high,True,"[-0.007, -0.005]",0.0010566855489499523,-0.007328374978817678
s_aggressive_counterpress,Trigger a more aggressive counter-press,135,872,0.013310417080436943,-0.004429176948836121,-0.010057304326398129,-0.013121740261228119,-0.006889978688925675,0.02,0.1305437492362647,High exposure if the first press is bypassed; leaves space in behind.,Trigger - immediate pressure on the first pass after loss.,opponent_high_press,high,True,"[-0.013, -0.007]",0.003115880786151222,-0.01317318511254935
